outcome_key,validation_design,repeat_count,row_count,source_count,positive_count,negative_count,balanced_accuracy_mean,balanced_accuracy_sd,roc_auc_mean,roc_auc_sd,average_precision_mean,average_precision_sd,f1_mean,f1_sd,precision_mean,precision_sd,sensitivity_mean,sensitivity_sd,specificity_mean,specificity_sd,accuracy_mean,accuracy_sd,brier_score_mean,brier_score_sd,log_loss_mean,log_loss_sd,source_seen_fraction_mean,source_seen_fraction_sd
cell_viability,publication_grouped,5,608,75,371,237,0.59867048801847,0.019552409524926866,0.6713387241689128,0.04456675338074803,0.7344106838847072,0.02532899768444471,0.7618294089043293,0.019899754294946535,0.6680531283797391,0.010764506735093979,0.8867924528301886,0.03979736673917356,0.31054852320675097,0.028555146524369,0.662171052631579,0.02250947207516188,0.21678933662592814,0.008401984694993586,0.6243326543519476,0.01767340306876869,0.0,0.0
cell_viability,random_rowwise,5,608,75,371,237,0.7669248353747996,0.009040308539811344,0.8621538321562205,0.0052803230938528395,0.905988942028802,0.003921804091827301,0.8102947909048741,0.00931860648623271,0.8266657814452498,0.005446859517683965,0.7946091644204852,0.013664465612546157,0.739240506329114,0.00693319693044515,0.7730263157894737,0.009936715438811323,0.1488495156803682,0.0029748549231859754,0.4520664234936086,0.008194010703387357,0.9871710526315789,0.004257295758402858
filament_diameter,publication_grouped,5,286,54,71,215,0.4860858172289551,0.0065606053724638225,0.6652341958729118,0.03478445144965119,0.3522102608375134,0.0511940977824539,0.014219114219114199,0.020692159460300345,0.052100840336134435,0.07189663743263003,0.0084507042253521,0.012597566070421333,0.9637209302325582,0.02064403815922998,0.7265734265734265,0.01317583474224951,0.18216232071951496,0.0074034981673692015,0.5483044209661914,0.016578172380589763,0.0,0.0
filament_diameter,random_rowwise,5,286,54,71,215,0.8847297739927941,0.00799795608582315,0.9596855551916148,0.004145594597499765,0.9260252538517472,0.005329133893837431,0.8335198545777398,0.01576241791423146,0.8515395853066654,0.03229540309241515,0.8169014084507044,0.014084507042253502,0.9525581395348837,0.012480379409301193,0.9188811188811188,0.009050474898982355,0.05830426320173844,0.002531279642950475,0.20178850465266804,0.006864556979295796,0.9699300699300698,0.005850769416322261
